id,category,subject,code,rule_type,summary,threshold_minutes,tiers,amount,currency,deadline_days,claim_url,claim_url_verified,adr_scheme,verification,last_checked,source_urls,version,values_json
rail_operator/VT,rail_operator,Avanti West Coast,VT,delay_repay,"Pays from 15 minutes late: 25% of the single fare from 15 minutes, 50% from 30, 100% from 60. On a return ticket, one direction 120 minutes or more late pays the whole return fare. A cancelled journey is refunded at 100% of the single fare. Claim within 28 days on the operator’s own form.",15,15:25;30:50;60:100,,,28,https://avantiwestcoast.co.uk/help-and-support/delay-repay,,,live,2026-09-30,https://www.avantiwestcoast.co.uk/help-and-support/delay-repay https://www.nationalrail.co.uk/NRCOT/,ba672f76a4ca,"{""scheme"":""DR15"",""threshold_minutes"":15,""tiers_single"":[{""from_minutes"":15,""percent_of_single_fare"":25},{""from_minutes"":30,""percent_of_single_fare"":50},{""from_minutes"":60,""percent_of_single_fare"":100}],""tiers_return"":[{""from_minutes"":15,""percent_of_single_fare"":25},{""from_minutes"":30,""percent_of_single_fare"":50},{""from_minutes"":60,""percent_of_single_fare"":100},{""from_minutes"":120,""percent_of_single_fare"":200}],""whole_return_fare_from_minutes"":120,""cancellation_percent_of_single_fare"":100,""claim_deadline_days"":28,""automatic_compensation"":""one-click"",""automatic_scope"":""Advance tickets bought directly from Avanti, opt-in"",""rules_note"":""Table row: 120 or more, 100% on single, return and season"",""escalation"":""Rail Ombudsman"",""escalation_url"":""https://www.railombudsman.org""}"
rail_operator/CC,rail_operator,c2c,CC,delay_repay,"Pays from 15 minutes late: 25% of the single fare from 15 minutes, 50% from 30, 100% from 60. On a return ticket, one direction 120 minutes or more late pays the whole return fare. A cancelled journey is refunded at 100% of the single fare. Claim within 28 days on the operator’s own form.",15,15:25;30:50;60:100,,,28,https://c2c-online.co.uk/help-feedback/delay-repay/,,,live,2026-09-30,https://www.c2c-online.co.uk/help_centre/compensation/how-much-automatic-delay-repay-compensation-will-i-receive/ https://www.nationalrail.co.uk/NRCOT/,b65bb290b7a6,"{""scheme"":""DR15"",""threshold_minutes"":15,""tiers_single"":[{""from_minutes"":15,""percent_of_single_fare"":25},{""from_minutes"":30,""percent_of_single_fare"":50},{""from_minutes"":60,""percent_of_single_fare"":100}],""tiers_return"":[{""from_minutes"":15,""percent_of_single_fare"":25},{""from_minutes"":30,""percent_of_single_fare"":50},{""from_minutes"":60,""percent_of_single_fare"":100},{""from_minutes"":120,""percent_of_single_fare"":200}],""whole_return_fare_from_minutes"":120,""cancellation_percent_of_single_fare"":100,""claim_deadline_days"":28,""automatic_compensation"":""automatic"",""automatic_scope"":""c2c Smartcard only"",""rules_note"":""120+ pays 100% of the cost of your return journey. The automatic Smartcard scheme also pays 3p a minute for 2 to 14 minutes, not modelled"",""escalation"":""Rail Ombudsman"",""escalation_url"":""https://www.railombudsman.org""}"
rail_operator/CH,rail_operator,Chiltern Railways,CH,delay_repay,"Pays from 15 minutes late: 25% of the single fare from 15 minutes, 50% from 30, 100% from 60. On a return ticket, one direction 120 minutes or more late pays the whole return fare. A cancelled journey is refunded at 100% of the single fare. Claim within 28 days on the operator’s own form.",15,15:25;30:50;60:100,,,28,https://chilternrailways.delayrepaycompensation.com/,,,live,2026-09-30,https://www.chilternrailways.co.uk/compensation https://www.nationalrail.co.uk/NRCOT/,edaa677c754a,"{""scheme"":""DR15"",""threshold_minutes"":15,""tiers_single"":[{""from_minutes"":15,""percent_of_single_fare"":25},{""from_minutes"":30,""percent_of_single_fare"":50},{""from_minutes"":60,""percent_of_single_fare"":100}],""tiers_return"":[{""from_minutes"":15,""percent_of_single_fare"":25},{""from_minutes"":30,""percent_of_single_fare"":50},{""from_minutes"":60,""percent_of_single_fare"":100},{""from_minutes"":120,""percent_of_single_fare"":200}],""whole_return_fare_from_minutes"":120,""cancellation_percent_of_single_fare"":100,""claim_deadline_days"":28,""automatic_compensation"":""unverified"",""automatic_scope"":null,""rules_note"":null,""escalation"":""Rail Ombudsman"",""escalation_url"":""https://www.railombudsman.org""}"
rail_operator/EM,rail_operator,East Midlands Railway,EM,delay_repay,"Pays from 15 minutes late: 25% of the single fare from 15 minutes, 50% from 30, 100% from 60. On a return ticket, one direction 120 minutes or more late pays the whole return fare. A cancelled journey is refunded at 100% of the single fare. Claim within 28 days on the operator’s own form.",15,15:25;30:50;60:100,,,28,https://www.eastmidlandsrailway.co.uk/delay-repay,,,archive,2026-09-30,https://web.archive.org/web/20260922150144/https://www.eastmidlandsrailway.co.uk/delay-repay https://www.nationalrail.co.uk/NRCOT/,708a8fb04724,"{""scheme"":""DR15"",""threshold_minutes"":15,""tiers_single"":[{""from_minutes"":15,""percent_of_single_fare"":25},{""from_minutes"":30,""percent_of_single_fare"":50},{""from_minutes"":60,""percent_of_single_fare"":100}],""tiers_return"":[{""from_minutes"":15,""percent_of_single_fare"":25},{""from_minutes"":30,""percent_of_single_fare"":50},{""from_minutes"":60,""percent_of_single_fare"":100},{""from_minutes"":120,""percent_of_single_fare"":200}],""whole_return_fare_from_minutes"":120,""cancellation_percent_of_single_fare"":100,""claim_deadline_days"":28,""automatic_compensation"":""none"",""automatic_scope"":null,""rules_note"":""Live site returns a bot check; archive capture 22 Sep 2026"",""escalation"":""Rail Ombudsman"",""escalation_url"":""https://www.railombudsman.org""}"
rail_operator/GX,rail_operator,Gatwick Express,GX,delay_repay,"Pays from 15 minutes late: 25% of the single fare from 15 minutes, 50% from 30, 100% from 60. On a return ticket, one direction 120 minutes or more late pays the whole return fare. A cancelled journey is refunded at 100% of the single fare. Claim within 28 days on the operator’s own form.",15,15:25;30:50;60:100,,,28,https://www.gatwickexpress.com/help-and-support/delay-repay-compensation,,,live,2026-09-30,https://www.gatwickexpress.com/help-and-support/delay-repay-compensation https://www.nationalrail.co.uk/NRCOT/,432329b7660a,"{""scheme"":""DR15"",""threshold_minutes"":15,""tiers_single"":[{""from_minutes"":15,""percent_of_single_fare"":25},{""from_minutes"":30,""percent_of_single_fare"":50},{""from_minutes"":60,""percent_of_single_fare"":100}],""tiers_return"":[{""from_minutes"":15,""percent_of_single_fare"":25},{""from_minutes"":30,""percent_of_single_fare"":50},{""from_minutes"":60,""percent_of_single_fare"":100},{""from_minutes"":120,""percent_of_single_fare"":200}],""whole_return_fare_from_minutes"":120,""cancellation_percent_of_single_fare"":100,""claim_deadline_days"":28,""automatic_compensation"":""one-click"",""automatic_scope"":""Key smartcard only"",""rules_note"":""One 120-minute claim per day, and one per open return"",""escalation"":""Rail Ombudsman"",""escalation_url"":""https://www.railombudsman.org""}"
rail_operator/GN,rail_operator,Great Northern,GN,delay_repay,"Pays from 15 minutes late: 25% of the single fare from 15 minutes, 50% from 30, 100% from 60. On a return ticket, one direction 120 minutes or more late pays the whole return fare. A cancelled journey is refunded at 100% of the single fare. Claim within 28 days on the operator’s own form.",15,15:25;30:50;60:100,,,28,https://www.greatnorthernrail.com/help-and-support/delay-repay-compensation,,,live,2026-09-30,https://www.greatnorthernrail.com/help-and-support/delay-repay-compensation https://www.nationalrail.co.uk/NRCOT/,75ab35788730,"{""scheme"":""DR15"",""threshold_minutes"":15,""tiers_single"":[{""from_minutes"":15,""percent_of_single_fare"":25},{""from_minutes"":30,""percent_of_single_fare"":50},{""from_minutes"":60,""percent_of_single_fare"":100}],""tiers_return"":[{""from_minutes"":15,""percent_of_single_fare"":25},{""from_minutes"":30,""percent_of_single_fare"":50},{""from_minutes"":60,""percent_of_single_fare"":100},{""from_minutes"":120,""percent_of_single_fare"":200}],""whole_return_fare_from_minutes"":120,""cancellation_percent_of_single_fare"":100,""claim_deadline_days"":28,""automatic_compensation"":""one-click"",""automatic_scope"":""Key smartcard only, but all ticket types held on it"",""rules_note"":""One 120-minute claim per day, and one per open return"",""escalation"":""Rail Ombudsman"",""escalation_url"":""https://www.railombudsman.org""}"
rail_operator/GW,rail_operator,Great Western Railway,GW,delay_repay,"Pays from 15 minutes late: 25% of the single fare from 15 minutes, 50% from 30, 100% from 60. On a return ticket, one direction 120 minutes or more late pays the whole return fare. A cancelled journey is refunded at 100% of the single fare. Claim within 28 days on the operator’s own form.",15,15:25;30:50;60:100,,,28,https://gwr.com/help-and-support/refunds-and-compensation/delay-repay,,,live,2026-09-30,https://www.gwr.com/help-and-support/refunds-and-compensation/delay-repay https://www.nationalrail.co.uk/NRCOT/,79860ac2c7c3,"{""scheme"":""DR15"",""threshold_minutes"":15,""tiers_single"":[{""from_minutes"":15,""percent_of_single_fare"":25},{""from_minutes"":30,""percent_of_single_fare"":50},{""from_minutes"":60,""percent_of_single_fare"":100}],""tiers_return"":[{""from_minutes"":15,""percent_of_single_fare"":25},{""from_minutes"":30,""percent_of_single_fare"":50},{""from_minutes"":60,""percent_of_single_fare"":100},{""from_minutes"":120,""percent_of_single_fare"":200}],""whole_return_fare_from_minutes"":120,""cancellation_percent_of_single_fare"":100,""claim_deadline_days"":28,""automatic_compensation"":""one-click"",""automatic_scope"":""Advance tickets bought on GWR.com, GWR smartcard seasons, and Touch pay-as-you-go around Bristol"",""rules_note"":""Top row is worded \""Over 120 minutes\"" after a 60 to 119 row, so exactly 120 is treated as the top tier"",""escalation"":""Rail Ombudsman"",""escalation_url"":""https://www.railombudsman.org""}"
rail_operator/LE,rail_operator,Greater Anglia,LE,delay_repay,"Pays from 15 minutes late: 25% of the single fare from 15 minutes, 50% from 30, 100% from 60. On a return ticket, one direction 120 minutes or more late pays the whole return fare. A cancelled journey is refunded at 100% of the single fare. Claim within 28 days on the operator’s own form.",15,15:25;30:50;60:100,,,28,https://greateranglia.co.uk/about-us/our-performance/delay-repay,,,archive,2026-09-30,https://web.archive.org/web/20251230093647/https://www.greateranglia.co.uk/about-us/our-performance/delay-repay https://www.nationalrail.co.uk/NRCOT/,7916ba564cd7,"{""scheme"":""DR15"",""threshold_minutes"":15,""tiers_single"":[{""from_minutes"":15,""percent_of_single_fare"":25},{""from_minutes"":30,""percent_of_single_fare"":50},{""from_minutes"":60,""percent_of_single_fare"":100}],""tiers_return"":[{""from_minutes"":15,""percent_of_single_fare"":25},{""from_minutes"":30,""percent_of_single_fare"":50},{""from_minutes"":60,""percent_of_single_fare"":100},{""from_minutes"":120,""percent_of_single_fare"":200}],""whole_return_fare_from_minutes"":120,""cancellation_percent_of_single_fare"":100,""claim_deadline_days"":28,""automatic_compensation"":""none"",""automatic_scope"":null,""rules_note"":""Live site returns a bot check; latest archive capture 30 Dec 2025. Search snippets of the live page carry the same wording"",""escalation"":""Rail Ombudsman"",""escalation_url"":""https://www.railombudsman.org""}"
rail_operator/NT,rail_operator,Northern Trains,NT,delay_repay,"Pays from 15 minutes late: 25% of the single fare from 15 minutes, 50% from 30, 100% from 60. On a return ticket, one direction 120 minutes or more late pays the whole return fare. A cancelled journey is refunded at 100% of the single fare. Claim within 28 days on the operator’s own form.",15,15:25;30:50;60:100,,,28,https://delayrepay.northernrailway.co.uk/,,,live,2026-09-30,https://help.northernrailway.co.uk/s/article/Delay-Repay https://www.nationalrail.co.uk/NRCOT/,f1e896ce223b,"{""scheme"":""DR15"",""threshold_minutes"":15,""tiers_single"":[{""from_minutes"":15,""percent_of_single_fare"":25},{""from_minutes"":30,""percent_of_single_fare"":50},{""from_minutes"":60,""percent_of_single_fare"":100}],""tiers_return"":[{""from_minutes"":15,""percent_of_single_fare"":25},{""from_minutes"":30,""percent_of_single_fare"":50},{""from_minutes"":60,""percent_of_single_fare"":100},{""from_minutes"":120,""percent_of_single_fare"":200}],""whole_return_fare_from_minutes"":120,""cancellation_percent_of_single_fare"":100,""claim_deadline_days"":28,""automatic_compensation"":""one-click"",""automatic_scope"":""Advance tickets bought directly from Northern"",""rules_note"":""Top row is worded \""Over 120 Minutes\""; exactly 120 treated as the top tier. Season tickets at 120+ pay one journey, not two"",""escalation"":""Rail Ombudsman"",""escalation_url"":""https://www.railombudsman.org""}"
rail_operator/SW,rail_operator,South Western Railway,SW,delay_repay,"Pays from 15 minutes late: 25% of the single fare from 15 minutes, 50% from 30, 100% from 60. On a return ticket, one direction 120 minutes or more late pays the whole return fare. A cancelled journey is refunded at 100% of the single fare. Claim within 28 days on the operator’s own form.",15,15:25;30:50;60:100,,,28,https://southwesternrailway.com/contact-and-help/delay-repay,,,live,2026-09-30,https://southwesternrailway.com/contact-and-help/delay-repay https://www.nationalrail.co.uk/NRCOT/,87d25c47d0d3,"{""scheme"":""DR15"",""threshold_minutes"":15,""tiers_single"":[{""from_minutes"":15,""percent_of_single_fare"":25},{""from_minutes"":30,""percent_of_single_fare"":50},{""from_minutes"":60,""percent_of_single_fare"":100}],""tiers_return"":[{""from_minutes"":15,""percent_of_single_fare"":25},{""from_minutes"":30,""percent_of_single_fare"":50},{""from_minutes"":60,""percent_of_single_fare"":100},{""from_minutes"":120,""percent_of_single_fare"":200}],""whole_return_fare_from_minutes"":120,""cancellation_percent_of_single_fare"":100,""claim_deadline_days"":28,""automatic_compensation"":""one-click"",""automatic_scope"":""Touch Smartcard and Advance tickets bought on the SWR site"",""rules_note"":null,""escalation"":""Rail Ombudsman"",""escalation_url"":""https://www.railombudsman.org""}"
rail_operator/SE,rail_operator,Southeastern,SE,delay_repay,"Pays from 15 minutes late: 25% of the single fare from 15 minutes, 50% from 30, 100% from 60. On a return ticket, one direction 120 minutes or more late pays the whole return fare. A cancelled journey is refunded at 100% of the single fare. Claim within 28 days on the operator’s own form.",15,15:25;30:50;60:100,,,28,https://delayrepay.southeasternrailway.co.uk/,,,live,2026-09-30,https://www.southeasternrailway.co.uk/help/support/faqs/refunds/delay-repay https://www.nationalrail.co.uk/NRCOT/,80688d96fdd2,"{""scheme"":""DR15"",""threshold_minutes"":15,""tiers_single"":[{""from_minutes"":15,""percent_of_single_fare"":25},{""from_minutes"":30,""percent_of_single_fare"":50},{""from_minutes"":60,""percent_of_single_fare"":100}],""tiers_return"":[{""from_minutes"":15,""percent_of_single_fare"":25},{""from_minutes"":30,""percent_of_single_fare"":50},{""from_minutes"":60,""percent_of_single_fare"":100},{""from_minutes"":120,""percent_of_single_fare"":200}],""whole_return_fare_from_minutes"":120,""cancellation_percent_of_single_fare"":100,""claim_deadline_days"":28,""automatic_compensation"":""one-click"",""automatic_scope"":""Key smartcard, eTickets and Advance tickets bought direct"",""rules_note"":null,""escalation"":""Rail Ombudsman"",""escalation_url"":""https://www.railombudsman.org""}"
rail_operator/SN,rail_operator,Southern,SN,delay_repay,"Pays from 15 minutes late: 25% of the single fare from 15 minutes, 50% from 30, 100% from 60. On a return ticket, one direction 120 minutes or more late pays the whole return fare. A cancelled journey is refunded at 100% of the single fare. Claim within 28 days on the operator’s own form.",15,15:25;30:50;60:100,,,28,https://www.southernrailway.com/help-and-support/delay-repay-compensation,,,live,2026-09-30,https://www.southernrailway.com/help-and-support/delay-repay-compensation https://www.nationalrail.co.uk/NRCOT/,709b65e6dc68,"{""scheme"":""DR15"",""threshold_minutes"":15,""tiers_single"":[{""from_minutes"":15,""percent_of_single_fare"":25},{""from_minutes"":30,""percent_of_single_fare"":50},{""from_minutes"":60,""percent_of_single_fare"":100}],""tiers_return"":[{""from_minutes"":15,""percent_of_single_fare"":25},{""from_minutes"":30,""percent_of_single_fare"":50},{""from_minutes"":60,""percent_of_single_fare"":100},{""from_minutes"":120,""percent_of_single_fare"":200}],""whole_return_fare_from_minutes"":120,""cancellation_percent_of_single_fare"":100,""claim_deadline_days"":28,""automatic_compensation"":""one-click"",""automatic_scope"":""Key smartcard only, but all ticket types held on it"",""rules_note"":""One 120-minute claim per day, and one per open return"",""escalation"":""Rail Ombudsman"",""escalation_url"":""https://www.railombudsman.org""}"
rail_operator/TL,rail_operator,Thameslink,TL,delay_repay,"Pays from 15 minutes late: 25% of the single fare from 15 minutes, 50% from 30, 100% from 60. On a return ticket, one direction 120 minutes or more late pays the whole return fare. A cancelled journey is refunded at 100% of the single fare. Claim within 28 days on the operator’s own form.",15,15:25;30:50;60:100,,,28,https://www.thameslinkrailway.com/help-and-support/delay-repay,,,live,2026-09-30,https://www.thameslinkrailway.com/help-and-support/delay-repay https://www.nationalrail.co.uk/NRCOT/,7261f6112111,"{""scheme"":""DR15"",""threshold_minutes"":15,""tiers_single"":[{""from_minutes"":15,""percent_of_single_fare"":25},{""from_minutes"":30,""percent_of_single_fare"":50},{""from_minutes"":60,""percent_of_single_fare"":100}],""tiers_return"":[{""from_minutes"":15,""percent_of_single_fare"":25},{""from_minutes"":30,""percent_of_single_fare"":50},{""from_minutes"":60,""percent_of_single_fare"":100},{""from_minutes"":120,""percent_of_single_fare"":200}],""whole_return_fare_from_minutes"":120,""cancellation_percent_of_single_fare"":100,""claim_deadline_days"":28,""automatic_compensation"":""one-click"",""automatic_scope"":""Key smartcard only, but all ticket types held on it"",""rules_note"":""One 120-minute claim per day, and one per open return"",""escalation"":""Rail Ombudsman"",""escalation_url"":""https://www.railombudsman.org""}"
rail_operator/TP,rail_operator,TransPennine Express,TP,delay_repay,"Pays from 15 minutes late: 25% of the single fare from 15 minutes, 50% from 30, 100% from 60. On a return ticket, one direction 120 minutes or more late pays the whole return fare. A cancelled journey is refunded at 100% of the single fare. Claim within 28 days on the operator’s own form.",15,15:25;30:50;60:100,,,28,https://delayrepay.tpexpress.co.uk/,,,live,2026-09-30,https://www.tpexpress.co.uk/help/delay-repay-compensation https://www.nationalrail.co.uk/NRCOT/,85f5ef885a34,"{""scheme"":""DR15"",""threshold_minutes"":15,""tiers_single"":[{""from_minutes"":15,""percent_of_single_fare"":25},{""from_minutes"":30,""percent_of_single_fare"":50},{""from_minutes"":60,""percent_of_single_fare"":100}],""tiers_return"":[{""from_minutes"":15,""percent_of_single_fare"":25},{""from_minutes"":30,""percent_of_single_fare"":50},{""from_minutes"":60,""percent_of_single_fare"":100},{""from_minutes"":120,""percent_of_single_fare"":200}],""whole_return_fare_from_minutes"":120,""cancellation_percent_of_single_fare"":100,""claim_deadline_days"":28,""automatic_compensation"":""one-click"",""automatic_scope"":""Advance tickets bought directly from TransPennine"",""rules_note"":""Return at 120+: both portions, not just one way"",""escalation"":""Rail Ombudsman"",""escalation_url"":""https://www.railombudsman.org""}"
rail_operator/AW,rail_operator,Transport for Wales,AW,delay_repay,"Pays from 15 minutes late: 25% of the single fare from 15 minutes, 50% from 30, 100% from 60. On a return ticket, one direction 120 minutes or more late pays the whole return fare. A cancelled journey is refunded at 100% of the single fare. Claim within 28 days on the operator’s own form.",15,15:25;30:50;60:100,,,28,https://tfw.wales/help-and-contact/rail/delay-repay,,,live,2026-09-30,https://tfw.wales/help-and-contact/rail/delay-repay https://www.nationalrail.co.uk/NRCOT/,998e01feebf6,"{""scheme"":""DR15"",""threshold_minutes"":15,""tiers_single"":[{""from_minutes"":15,""percent_of_single_fare"":25},{""from_minutes"":30,""percent_of_single_fare"":50},{""from_minutes"":60,""percent_of_single_fare"":100}],""tiers_return"":[{""from_minutes"":15,""percent_of_single_fare"":25},{""from_minutes"":30,""percent_of_single_fare"":50},{""from_minutes"":60,""percent_of_single_fare"":100},{""from_minutes"":120,""percent_of_single_fare"":200}],""whole_return_fare_from_minutes"":120,""cancellation_percent_of_single_fare"":100,""claim_deadline_days"":28,""automatic_compensation"":""one-click"",""automatic_scope"":""Advance tickets bought on the Transport for Wales website or app"",""rules_note"":null,""escalation"":""Rail Ombudsman"",""escalation_url"":""https://www.railombudsman.org""}"
rail_operator/LM,rail_operator,West Midlands Railway,LM,delay_repay,"Pays from 15 minutes late: 25% of the single fare from 15 minutes, 50% from 30, 100% from 60. On a return ticket, one direction 120 minutes or more late pays the whole return fare. A cancelled journey is refunded at 100% of the single fare. Claim within 28 days on the operator’s own form.",15,15:25;30:50;60:100,,,28,https://westmidlandsrailway.co.uk/about-us/delay-repay,,,unverified,2026-09-30,https://www.westmidlandsrailway.co.uk/about-us/delay-repay https://www.nationalrail.co.uk/NRCOT/,414055d1ff7a,"{""scheme"":""DR15"",""threshold_minutes"":15,""tiers_single"":[{""from_minutes"":15,""percent_of_single_fare"":25},{""from_minutes"":30,""percent_of_single_fare"":50},{""from_minutes"":60,""percent_of_single_fare"":100}],""tiers_return"":[{""from_minutes"":15,""percent_of_single_fare"":25},{""from_minutes"":30,""percent_of_single_fare"":50},{""from_minutes"":60,""percent_of_single_fare"":100},{""from_minutes"":120,""percent_of_single_fare"":200}],""whole_return_fare_from_minutes"":120,""cancellation_percent_of_single_fare"":100,""claim_deadline_days"":28,""automatic_compensation"":""one-click"",""automatic_scope"":""Advance Single tickets bought through a West Midlands Railway or London Northwestern account"",""rules_note"":""Every page returns a bot check and no archive copy was reachable. National scheme used; search snippets of this page and the DfT operator table (26 Feb 2026) agree"",""escalation"":""Rail Ombudsman"",""escalation_url"":""https://www.railombudsman.org""}"
rail_operator/LN,rail_operator,London Northwestern Railway,LN,delay_repay,"Pays from 15 minutes late: 25% of the single fare from 15 minutes, 50% from 30, 100% from 60. On a return ticket, one direction 120 minutes or more late pays the whole return fare. A cancelled journey is refunded at 100% of the single fare. Claim within 28 days on the operator’s own form.",15,15:25;30:50;60:100,,,28,https://londonnorthwesternrailway.co.uk/about-us/delay-repay,,,unverified,2026-09-30,https://www.londonnorthwesternrailway.co.uk/about-us/delay-repay https://www.nationalrail.co.uk/NRCOT/,a0c7eadd15d0,"{""scheme"":""DR15"",""threshold_minutes"":15,""tiers_single"":[{""from_minutes"":15,""percent_of_single_fare"":25},{""from_minutes"":30,""percent_of_single_fare"":50},{""from_minutes"":60,""percent_of_single_fare"":100}],""tiers_return"":[{""from_minutes"":15,""percent_of_single_fare"":25},{""from_minutes"":30,""percent_of_single_fare"":50},{""from_minutes"":60,""percent_of_single_fare"":100},{""from_minutes"":120,""percent_of_single_fare"":200}],""whole_return_fare_from_minutes"":120,""cancellation_percent_of_single_fare"":100,""claim_deadline_days"":28,""automatic_compensation"":""one-click"",""automatic_scope"":""Advance Single tickets bought through a London Northwestern or West Midlands Railway account"",""rules_note"":""Every page returns a bot check and no archive copy was reachable. National scheme used; a search snippet of this page agrees"",""escalation"":""Rail Ombudsman"",""escalation_url"":""https://www.railombudsman.org""}"
rail_operator/XC,rail_operator,CrossCountry,XC,delay_repay,"Pays from 30 minutes late: 50% of the single fare from 30 minutes, 100% from 60. On a return ticket, one direction 120 minutes or more late pays the whole return fare. A cancelled journey is refunded at 100% of the single fare. Claim within 28 days on the operator’s own form.",30,30:50;60:100,,,28,https://crosscountrytrains.co.uk/help-support/delay-repay,,,archive,2026-09-30,https://web.archive.org/web/20260922150133/https://www.crosscountrytrains.co.uk/help-support/delay-repay https://www.nationalrail.co.uk/NRCOT/,7a2d9b839fd0,"{""scheme"":""DR30"",""threshold_minutes"":30,""tiers_single"":[{""from_minutes"":30,""percent_of_single_fare"":50},{""from_minutes"":60,""percent_of_single_fare"":100}],""tiers_return"":[{""from_minutes"":30,""percent_of_single_fare"":50},{""from_minutes"":60,""percent_of_single_fare"":100},{""from_minutes"":120,""percent_of_single_fare"":200}],""whole_return_fare_from_minutes"":120,""cancellation_percent_of_single_fare"":100,""claim_deadline_days"":28,""automatic_compensation"":""none"",""automatic_scope"":null,""rules_note"":""Live site blocked by Cloudflare; archive capture 22 Sep 2026. Either or both legs over two hours: full cost of the return"",""escalation"":""Rail Ombudsman"",""escalation_url"":""https://www.railombudsman.org""}"
rail_operator/GR,rail_operator,LNER,GR,delay_repay,"Pays from 30 minutes late: 50% of the single fare from 30 minutes, 100% from 60. On a return ticket, one direction 120 minutes or more late pays the whole return fare. A cancelled journey is refunded at 100% of the single fare. Claim within 28 days on the operator’s own form.",30,30:50;60:100,,,28,https://lner.co.uk/support/delay-repay/,,,live,2026-09-30,https://www.lner.co.uk/support/delay-repay/ https://www.nationalrail.co.uk/NRCOT/,c04615149a82,"{""scheme"":""DR30"",""threshold_minutes"":30,""tiers_single"":[{""from_minutes"":30,""percent_of_single_fare"":50},{""from_minutes"":60,""percent_of_single_fare"":100}],""tiers_return"":[{""from_minutes"":30,""percent_of_single_fare"":50},{""from_minutes"":60,""percent_of_single_fare"":100},{""from_minutes"":120,""percent_of_single_fare"":200}],""whole_return_fare_from_minutes"":120,""cancellation_percent_of_single_fare"":100,""claim_deadline_days"":28,""automatic_compensation"":""one-click"",""automatic_scope"":""Advance tickets bought directly from LNER"",""rules_note"":""Also the April 2026 Passenger's Charter. Two Advance Singles bought as a round trip do not count as a return"",""escalation"":""Rail Ombudsman"",""escalation_url"":""https://www.railombudsman.org""}"
rail_operator/SR,rail_operator,ScotRail,SR,delay_repay,"Pays from 30 minutes late: 50% of the single fare from 30 minutes, 100% from 60. On a return ticket, one direction 120 minutes or more late pays the whole return fare. A cancelled journey is refunded at 100% of the single fare. Claim within 28 days on the operator’s own form.",30,30:50;60:100,,,28,https://scotrail.co.uk/plan-your-journey/our-delay-repay-guarantee,,,archive,2026-09-30,https://web.archive.org/web/20260922150130/https://www.scotrail.co.uk/plan-your-journey/our-delay-repay-guarantee https://www.nationalrail.co.uk/NRCOT/,8b73d7510b71,"{""scheme"":""DR30"",""threshold_minutes"":30,""tiers_single"":[{""from_minutes"":30,""percent_of_single_fare"":50},{""from_minutes"":60,""percent_of_single_fare"":100}],""tiers_return"":[{""from_minutes"":30,""percent_of_single_fare"":50},{""from_minutes"":60,""percent_of_single_fare"":100},{""from_minutes"":120,""percent_of_single_fare"":200}],""whole_return_fare_from_minutes"":120,""cancellation_percent_of_single_fare"":100,""claim_deadline_days"":28,""automatic_compensation"":""none"",""automatic_scope"":null,""rules_note"":""Live site returns a bot check; archive capture 22 Sep 2026. 2 hours or more: the cost of your single or return ticket"",""escalation"":""Rail Ombudsman"",""escalation_url"":""https://www.railombudsman.org""}"
rail_operator/LD,rail_operator,Lumo,LD,delay_repay,"Pays from 30 minutes late: 50% of the single fare from 30 minutes, 100% from 60. On a return ticket, the most paid for one direction is half the return fare. A cancelled journey is refunded at 100% of the single fare. Claim within 28 days on the operator’s own form.",30,30:50;60:100,,,28,https://lumo.co.uk/help/delay-repay,,,live,2026-09-30,https://www.lumo.co.uk/help/delay-repay https://www.nationalrail.co.uk/NRCOT/,9ee5d29885ec,"{""scheme"":""DR30"",""threshold_minutes"":30,""tiers_single"":[{""from_minutes"":30,""percent_of_single_fare"":50},{""from_minutes"":60,""percent_of_single_fare"":100}],""tiers_return"":[{""from_minutes"":30,""percent_of_single_fare"":50},{""from_minutes"":60,""percent_of_single_fare"":100}],""whole_return_fare_from_minutes"":null,""cancellation_percent_of_single_fare"":100,""claim_deadline_days"":28,""automatic_compensation"":""one-click"",""automatic_scope"":""LumoFixed and LumoFlex Advance tickets bought on the Lumo website or app, with prior opt-in"",""rules_note"":""No 120-minute tier: 60+ pays 50% of a return. The customer charter (https://www.lumo.co.uk/help/customer-charter) agrees"",""escalation"":""Rail Ombudsman"",""escalation_url"":""https://www.railombudsman.org""}"
rail_operator/HT,rail_operator,Hull Trains,HT,delay_repay,"Pays from 30 minutes late: 50% of the single fare from 30 minutes, 100% from 60. On a return ticket, the most paid for one direction is half the return fare. A cancelled journey is refunded at 100% of the single fare. Claim within 28 days on the operator’s own form.",30,30:50;60:100,,,28,https://delayrepay.hulltrains.co.uk/,,,live,2026-09-30,https://www.hulltrains.co.uk/support-and-contact/refunds-and-compensation https://www.nationalrail.co.uk/NRCOT/,127bb5bd87a4,"{""scheme"":""DR30"",""threshold_minutes"":30,""tiers_single"":[{""from_minutes"":30,""percent_of_single_fare"":50},{""from_minutes"":60,""percent_of_single_fare"":100}],""tiers_return"":[{""from_minutes"":30,""percent_of_single_fare"":50},{""from_minutes"":60,""percent_of_single_fare"":100}],""whole_return_fare_from_minutes"":null,""cancellation_percent_of_single_fare"":100,""claim_deadline_days"":28,""automatic_compensation"":""none"",""automatic_scope"":null,""rules_note"":""No 120-minute tier: 60+ pays 50% of a return. The 2026 Passengers' Charter agrees"",""escalation"":""Rail Ombudsman"",""escalation_url"":""https://www.railombudsman.org""}"
rail_operator/CS,rail_operator,Caledonian Sleeper,CS,delay_repay,"Pays from 30 minutes late: 50% of the single fare from 30 minutes, 100% from 60. On a return ticket, one direction 120 minutes or more late pays the whole return fare. A cancelled journey is refunded at 100% of the single fare. Claim within 28 days on the operator’s own form.",30,30:50;60:100,,,28,https://sleeper.scot/delay-repay-form/,,,live,2026-09-30,https://www.sleeper.scot/auxiliary/terms-and-conditions/ https://www.nationalrail.co.uk/NRCOT/,5eef449bffbc,"{""scheme"":""DR30"",""threshold_minutes"":30,""tiers_single"":[{""from_minutes"":30,""percent_of_single_fare"":50},{""from_minutes"":60,""percent_of_single_fare"":100}],""tiers_return"":[{""from_minutes"":30,""percent_of_single_fare"":50},{""from_minutes"":60,""percent_of_single_fare"":100},{""from_minutes"":120,""percent_of_single_fare"":200}],""whole_return_fare_from_minutes"":120,""cancellation_percent_of_single_fare"":100,""claim_deadline_days"":28,""automatic_compensation"":""one-click"",""automatic_scope"":""Tickets booked directly through sleeper.scot or the Guest Service Centre"",""rules_note"":""Guest Experience Charter (2019/20, still linked as current): 120+ is a full refund of the fare and Room Supplement on a National Rail return"",""escalation"":""Rail Ombudsman"",""escalation_url"":""https://www.railombudsman.org""}"
airline/BA,airline,British Airways,BA,flight_claim_route,Claim on the airline’s own form. A refused claim can go to CEDR (Centre for Effective Dispute Resolution).,,,,,,https://www.britishairways.com/travel/feedbackclaims/public,true,CEDR,archive,2026-09-30,https://web.archive.org/web/20260807024103/https://www.britishairways.com/content/information/delayed-or-cancelled-flights https://web.archive.org/web/20261001103456/https://www.britishairways.com/content/information/help-and-contacts/complaints-and-claims https://www.caa.co.uk/air-passengers/travel-problems-and-rights/travel-complaints/alternative-dispute-resolution/,2818c7543023,"{""country"":""GB"",""jurisdiction"":""UK"",""claim_url_verified"":true,""claim_url_by_type"":{},""contact_url"":""https://www.britishairways.com/content/information/help-and-contacts/complaints-and-claims"",""contact_url_verified"":true,""adr_scheme"":""CEDR"",""adr_scheme_url"":""https://www.cedr-assist.com/consumer/aviation/overview/"",""escalation"":""CEDR (cedr-assist.com), whose decision binds the airline if you accept it"",""airline_time_limit"":null,""response_time"":null,""form_fields"":[]}"
airline/U2,airline,easyJet,U2,flight_claim_route,Claim on the airline’s own form. A refused claim can go to AviationADR.,,,,,,https://www.easyjet.com/claim/en/eu261,true,AviationADR,live,2026-09-30,https://www.easyjet.com/claim/en/eu261 https://www.easyjet.com/en/help/boarding-and-flying/delays-and-cancellations https://www.caa.co.uk/air-passengers/travel-problems-and-rights/travel-complaints/alternative-dispute-resolution/,270e3fbfea15,"{""country"":""GB"",""jurisdiction"":""UK"",""claim_url_verified"":true,""claim_url_by_type"":{},""contact_url"":""https://www.easyjet.com/en/help-centre/contact/contact-us"",""contact_url_verified"":true,""adr_scheme"":""AviationADR"",""adr_scheme_url"":""https://www.aviationadr.org.uk/"",""escalation"":""AviationADR (aviationadr.org.uk), whose decision binds the airline if you accept it"",""airline_time_limit"":null,""response_time"":null,""form_fields"":[""Booking reference (starts with E or K)"",""Flight number (numbers only; the original number if rebooked)"",""Original date of the flight"",""Reason for the claim: delayed, cancelled or denied boarding (a diverted flight counts as delayed)"",""Departure and arrival airports"",""Claimant’s first and last name as booked"",""Home address and country of residence"",""Email address, which has to match the booking"",""Mobile number with country code, which has to match the booking"",""Whether the claimant made the original booking"",""Country of the bank account and payment currency"",""Other passengers on the same booking being claimed for"",""Supporting documents (optional, under 5 MB)""]}"
airline/LS,airline,Jet2,LS,flight_claim_route,"Claim on the airline’s own form. It is in no dispute scheme, so a refused UK261 claim goes to the Civil Aviation Authority’s complaints team.",,,,,,https://www.jet2.com/delays-and-disruptions,true,none,archive,2026-09-30,https://web.archive.org/web/20260429164027/https://www.jet2.com/delays-and-cancellations/submit-a-claim https://web.archive.org/web/20251107195833/https://www.jet2.com/en/delays-and-cancellations https://app.jet2.com/-/media/Jet2/Flights/pdf/Customer-guidance/GFC-Guidance-for-Customers-EN.pdf https://www.caa.co.uk/air-passengers/travel-problems-and-rights/travel-complaints/alternative-dispute-resolution/,d5ef8ccba37c,"{""country"":""GB"",""jurisdiction"":""UK"",""claim_url_verified"":true,""claim_url_by_type"":{},""contact_url"":""https://www.jet2.com/contact-us"",""contact_url_verified"":true,""adr_scheme"":""none"",""adr_scheme_url"":null,""escalation"":""the Civil Aviation Authority’s Passenger Advice and Complaints Team (caa.co.uk). The airline is in no dispute scheme, and the authority’s view does not bind it"",""airline_time_limit"":null,""response_time"":""Jet2 says it aims to contact the passenger within 28 days."",""form_fields"":[""Booking reference"",""Passenger name as it appears on the passport"",""Full home address"",""Flight number, date and route"",""Whether booked as Jet2.com flight-only, Jet2holidays or through another tour operator""]}"
airline/BY,airline,TUI Airways,BY,flight_claim_route,Claim on the airline’s own form. A refused claim can go to AviationADR.,,,,,,https://www.tui.co.uk/destinations/contact-us/flight-delays,true,AviationADR,live,2026-09-30,https://www.tui.co.uk/destinations/contact-us/flight-delays https://www.tui.co.uk/destinations/faq/airport-flights-and-luggage/feedback-on-your-flight-and-airport-experience/how-do-i-claim-my-flight-delay-compensation https://www.caa.co.uk/air-passengers/travel-problems-and-rights/travel-complaints/alternative-dispute-resolution/,b58ffec5777d,"{""country"":""GB"",""jurisdiction"":""UK"",""claim_url_verified"":true,""claim_url_by_type"":{},""contact_url"":""https://www.tui.co.uk/destinations/contact-us"",""contact_url_verified"":true,""adr_scheme"":""AviationADR"",""adr_scheme_url"":""https://www.aviationadr.org.uk/"",""escalation"":""AviationADR (aviationadr.org.uk), whose decision binds the airline if you accept it"",""airline_time_limit"":null,""response_time"":""TUI sends an automatic acknowledgement, then no updates until its final response, which it says comes within 56 days."",""form_fields"":[""Where the holiday or flight was booked"",""Delayed TUI flight number"",""Scheduled departure date"",""Scheduled departure and arrival airports"",""TUI booking reference"",""Title, name as on the booking confirmation and date of birth"",""Mobile number"",""Email address, which has to match the booking"",""Other passengers on the booking (up to 20 including the claimant)"",""Country of home address and of the bank account (UK or Republic of Ireland)""]}"
airline/VS,airline,Virgin Atlantic,VS,flight_claim_route,Claim on the airline’s own form. A refused claim can go to AviationADR.,,,,,,https://help.virginatlantic.com/gb/en/contact-forms.html?webform=feedback--i-need-to-claim-compensation-due-to-a-delay-or-cancelled-flight,true,AviationADR,live,2026-09-30,https://help.virginatlantic.com/gb/en/contact-forms.html?webform=feedback--i-need-to-claim-compensation-due-to-a-delay-or-cancelled-flight https://www.caa.co.uk/air-passengers/travel-problems-and-rights/travel-complaints/alternative-dispute-resolution/,99e9a00a92eb,"{""country"":""GB"",""jurisdiction"":""UK"",""claim_url_verified"":true,""claim_url_by_type"":{},""contact_url"":""https://help.virginatlantic.com/gb/en/contact-forms.html"",""contact_url_verified"":true,""adr_scheme"":""AviationADR"",""adr_scheme_url"":""https://www.aviationadr.org.uk/"",""escalation"":""AviationADR (aviationadr.org.uk), whose decision binds the airline if you accept it"",""airline_time_limit"":null,""response_time"":null,""form_fields"":[""Title, first name, last name and date of birth"",""Flying Club number (optional)"",""Email address, entered twice"",""Booking reference (6 characters)"",""Flight number, departure and arrival airports, original date of travel"",""Confirmation that the flight was delayed or cancelled"",""Postal address"",""How to be paid and payment currency"",""Other passengers being claimed for"",""Declarations, including permission from the other passengers""]}"
airline/LM,airline,Loganair,LM,flight_claim_route,"Claim on the airline’s own form. It is in no dispute scheme, so a refused UK261 claim goes to the Civil Aviation Authority’s complaints team.",,,,,,https://loganaircrcc.zendesk.com/hc/en-gb/requests/new?ticket_form_id=360003017438,true,none,archive,2026-09-30,https://www.loganair.co.uk/helpcentre/compensation/ https://web.archive.org/web/20251113124308/https://loganaircrcc.zendesk.com/hc/en-gb/requests/new?ticket_form_id=360003099678 https://www.caa.co.uk/air-passengers/travel-problems-and-rights/travel-complaints/alternative-dispute-resolution/,7fa5eb09d619,"{""country"":""GB"",""jurisdiction"":""UK"",""claim_url_verified"":true,""claim_url_by_type"":{},""contact_url"":""https://www.loganair.co.uk/contactus/"",""contact_url_verified"":true,""adr_scheme"":""none"",""adr_scheme_url"":null,""escalation"":""the Civil Aviation Authority’s Passenger Advice and Complaints Team (caa.co.uk). The airline is in no dispute scheme, and the authority’s view does not bind it"",""airline_time_limit"":null,""response_time"":""Loganair asks for up to 28 days to respond, or a shorter period where the law sets one."",""form_fields"":[]}"
airline/FR,airline,Ryanair,FR,flight_claim_route,Claim on the airline’s own form. A refused claim can go to AviationADR.,,,,,,https://www.ryanair.com/gb/en/myryanair/requests/new/eu-261,true,AviationADR,archive,2026-09-30,https://web.archive.org/web/20251015143620/https://help.ryanair.com/hc/en-ie/articles/12890736320529-Beware-of-claims-chasers https://web.archive.org/web/20260302100646/https://help.ryanair.com/hc/en-ie/sections/12488602662545-EU-261-Passenger-Rights https://www.caa.co.uk/air-passengers/travel-problems-and-rights/travel-complaints/alternative-dispute-resolution/,c80d8abc115a,"{""country"":""IE"",""jurisdiction"":""EU"",""claim_url_verified"":true,""claim_url_by_type"":{},""contact_url"":""https://www.ryanair.com/gb/en/r/help/contact-us"",""contact_url_verified"":true,""adr_scheme"":""AviationADR"",""adr_scheme_url"":""https://www.aviationadr.org.uk/"",""escalation"":""AviationADR (aviationadr.org.uk) if it covers your route, or the national enforcement body in the country you flew from (the European Commission lists them at https://transport.ec.europa.eu/transport-themes/passenger-rights/air_en)"",""airline_time_limit"":null,""response_time"":null,""form_fields"":[]}"
airline/W6,airline,Wizz Air,W6,flight_claim_route,Claim on the airline’s own form. A refused claim can go to AviationADR.,,,,,,https://www.wizzair.com/en-gb/information-and-services/compliments-and-complaints,true,AviationADR,live,2026-09-30,https://www.wizzair.com/en-gb/help-centre/my-wizz-account/claims-and-compensation/ec261-regulation https://www.wizzair.com/en-gb/information-and-services/compliments-and-complaints https://www.caa.co.uk/air-passengers/travel-problems-and-rights/travel-complaints/alternative-dispute-resolution/,e0204e38731f,"{""country"":""HU"",""jurisdiction"":""EU"",""claim_url_verified"":true,""claim_url_by_type"":{},""contact_url"":""https://www.wizzair.com/en-gb/help-centre/contact-us"",""contact_url_verified"":true,""adr_scheme"":""AviationADR"",""adr_scheme_url"":""https://www.aviationadr.org.uk/"",""escalation"":""AviationADR (aviationadr.org.uk) if it covers your route, or the national enforcement body in the country you flew from (the European Commission lists them at https://transport.ec.europa.eu/transport-themes/passenger-rights/air_en)"",""airline_time_limit"":null,""response_time"":""Wizz Air says it responds to a claim within 30 days."",""form_fields"":[]}"
airline/EI,airline,Aer Lingus,EI,flight_claim_route,"Claim on the airline’s own form. It is in no dispute scheme, so a refused UK261 claim goes to the Civil Aviation Authority’s complaints team.",,,,,,https://www.aerlingus.com/app/support/forms/flight-disruption-compensation-form,true,none,live,2026-10-04,https://www.aerlingus.com/support/customer-care/requests-and-enquiries/ https://www.aerlingus.com/support/forms/post-travel-enquiry/ https://www.aviationadr.org.uk/complaints-process/airline-and-airport-members-aviationadr/ https://www.cedr-assist.com/consumer/aviation/companies-covered/ https://www.caa.co.uk/air-passengers/travel-problems-and-rights/travel-complaints/alternative-dispute-resolution/,bba3185cf260,"{""country"":""IE"",""jurisdiction"":""EU"",""claim_url_verified"":true,""claim_url_by_type"":{},""contact_url"":""https://www.aerlingus.com/support/customer-care/requests-and-enquiries/"",""contact_url_verified"":true,""adr_scheme"":""none"",""adr_scheme_url"":null,""escalation"":""the national enforcement body in the country you flew from (the European Commission lists them at https://transport.ec.europa.eu/transport-themes/passenger-rights/air_en)"",""airline_time_limit"":null,""response_time"":null,""form_fields"":[]}"
airline/KL,airline,KLM,KL,flight_claim_route,Claim on the airline’s own form. A refused claim can go to AviationADR.,,,,,,https://www.klm.co.uk/claim,true,AviationADR,archive,2026-09-30,https://web.archive.org/web/20260924063203/https://www.klm.co.uk/information/refund-compensation/compensation https://web.archive.org/web/20260517210731/https://www.klm.co.uk/information/legal/passenger-rights https://www.caa.co.uk/air-passengers/travel-problems-and-rights/travel-complaints/alternative-dispute-resolution/,b312354da531,"{""country"":""NL"",""jurisdiction"":""EU"",""claim_url_verified"":true,""claim_url_by_type"":{},""contact_url"":""https://www.klm.co.uk/contact/topic/refund-compensation/subtopic/complaint"",""contact_url_verified"":true,""adr_scheme"":""AviationADR"",""adr_scheme_url"":""https://www.aviationadr.org.uk/"",""escalation"":""AviationADR (aviationadr.org.uk) if it covers your route, or the national enforcement body in the country you flew from (the European Commission lists them at https://transport.ec.europa.eu/transport-themes/passenger-rights/air_en)"",""airline_time_limit"":null,""response_time"":null,""form_fields"":[]}"
airline/AF,airline,Air France,AF,flight_claim_route,Claim on the airline’s own form. A refused claim can go to AviationADR.,,,,,,https://wwws.airfrance.co.uk/claim,true,AviationADR,archive,2026-09-30,https://web.archive.org/web/20260924063203/https://wwws.airfrance.co.uk/information/legal/reclamation https://web.archive.org/web/20260208133424/https://wwws.airfrance.co.uk/information/legal/assistance-et-indemnisation https://www.caa.co.uk/air-passengers/travel-problems-and-rights/travel-complaints/alternative-dispute-resolution/,7cf678b5313b,"{""country"":""FR"",""jurisdiction"":""EU"",""claim_url_verified"":true,""claim_url_by_type"":{},""contact_url"":""https://wwws.airfrance.co.uk/contact/topic/refund-compensation"",""contact_url_verified"":true,""adr_scheme"":""AviationADR"",""adr_scheme_url"":""https://www.aviationadr.org.uk/"",""escalation"":""AviationADR (aviationadr.org.uk) if it covers your route, or the national enforcement body in the country you flew from (the European Commission lists them at https://transport.ec.europa.eu/transport-themes/passenger-rights/air_en)"",""airline_time_limit"":null,""response_time"":null,""form_fields"":[]}"
airline/LH,airline,Lufthansa,LH,flight_claim_route,The airline’s claim page was seen only in search results and is not verified. A refused claim can go to Schlichtung Reise & Verkehr (a German dispute scheme).,,,,,,https://www.lufthansa.com/us/en/fast-compensation,false,SchlichtungReiseVerkehr,search_snippet,2026-09-30,https://web.archive.org/web/20251027191204/https://www.lufthansa.com/us/en/fast-compensation https://www.caa.co.uk/air-passengers/travel-problems-and-rights/travel-complaints/alternative-dispute-resolution/,98e2e1f73c7c,"{""country"":""DE"",""jurisdiction"":""EU"",""claim_url_verified"":false,""claim_url_by_type"":{},""contact_url"":null,""contact_url_verified"":false,""adr_scheme"":""SchlichtungReiseVerkehr"",""adr_scheme_url"":""https://www.schlichtung-reise-und-verkehr.de/en/"",""escalation"":""Schlichtung Reise & Verkehr (schlichtung-reise-und-verkehr.de), the German scheme the airline has joined, or the national enforcement body in the country you flew from (the European Commission lists them at https://transport.ec.europa.eu/transport-themes/passenger-rights/air_en)"",""airline_time_limit"":null,""response_time"":null,""form_fields"":[]}"
airline/LX,airline,Swiss International Air Lines,LX,flight_claim_route,Claim on the airline’s own form. A refused claim can go to Schlichtung Reise & Verkehr (a German dispute scheme).,,,,,,https://www.swiss.com/gb/en/customer-support/contact-us/application-for-compensation-in-the-event-of-flight-irregularities,true,SchlichtungReiseVerkehr,live,2026-09-30,https://www.swiss.com/gb/en/customer-support/contact-us/application-for-compensation-in-the-event-of-flight-irregularities https://www.caa.co.uk/air-passengers/travel-problems-and-rights/travel-complaints/alternative-dispute-resolution/,e333ab1de197,"{""country"":""CH"",""jurisdiction"":""CH"",""claim_url_verified"":true,""claim_url_by_type"":{},""contact_url"":""https://www.swiss.com/gb/en/customer-support/contact-us"",""contact_url_verified"":true,""adr_scheme"":""SchlichtungReiseVerkehr"",""adr_scheme_url"":""https://www.schlichtung-reise-und-verkehr.de/en/"",""escalation"":""Schlichtung Reise & Verkehr (schlichtung-reise-und-verkehr.de), the German scheme the airline has joined, or the national enforcement body in the country you flew from (the European Commission lists them at https://transport.ec.europa.eu/transport-themes/passenger-rights/air_en)"",""airline_time_limit"":null,""response_time"":null,""form_fields"":[""Type of disruption: delay, cancellation, diversion, missed connection, denied boarding or downgrade"",""Applying for yourself, your household, or as a third party for the traveller"",""Original itinerary: up to 4 flights, each with airline, flight number and date"",""How the destination was reached in the end"",""Personal details for up to 5 people on the same booking"",""Uploads of receipts and authorisations (PDF, JPEG or PNG, up to 3.7 MB each)"",""Confirmation that the details are true""]}"
airline/OS,airline,Austrian Airlines,OS,flight_claim_route,Claim on the airline’s own form. A refused claim can go to Schlichtung Reise & Verkehr (a German dispute scheme).,,,,,,https://www.austrian.com/gb/en/footer-pages/help-and-contact/application-for-compensation-in-the-event-of-flight-irregularities,true,SchlichtungReiseVerkehr,archive,2026-09-30,https://web.archive.org/web/20250912062857/https://www.austrian.com/gb/en/footer-pages/help-and-contact/application-for-compensation-in-the-event-of-flight-irregularities https://www.caa.co.uk/air-passengers/travel-problems-and-rights/travel-complaints/alternative-dispute-resolution/,cd60aa886e49,"{""country"":""AT"",""jurisdiction"":""EU"",""claim_url_verified"":true,""claim_url_by_type"":{},""contact_url"":""https://www.austrian.com/gb/en/contact"",""contact_url_verified"":true,""adr_scheme"":""SchlichtungReiseVerkehr"",""adr_scheme_url"":""https://www.schlichtung-reise-und-verkehr.de/en/"",""escalation"":""Schlichtung Reise & Verkehr (schlichtung-reise-und-verkehr.de), the German scheme the airline has joined, or the national enforcement body in the country you flew from (the European Commission lists them at https://transport.ec.europa.eu/transport-themes/passenger-rights/air_en)"",""airline_time_limit"":null,""response_time"":null,""form_fields"":[""Type of flight problem: delay, cancellation, diversion, missed connection, denied boarding or downgrade"",""Applying for yourself, your household, or as a third party for the traveller"",""Booking code"",""Planned flights: airline, flight number and date"",""How the destination was reached in the end"",""For each person: name, address, email, phone and ticket number"",""Uploads of receipts and authorisations (up to 3.7 MB)"",""Confirmation that the details are true""]}"
airline/VY,airline,Vueling,VY,flight_claim_route,"Claim on the airline’s own form. It is in no dispute scheme, so a refused UK261 claim goes to the Civil Aviation Authority’s complaints team.",,,,,,https://www.vueling.com/en/customer-services/assistants/compensation,true,none,live,2026-09-30,https://help.vueling.com/hc/en-gb/articles/24476547783569-Delay-in-my-flight https://help.vueling.com/hc/en-gb/articles/23136450765841-Cancelled-flights https://www.caa.co.uk/air-passengers/travel-problems-and-rights/travel-complaints/alternative-dispute-resolution/,972c7bd27e59,"{""country"":""ES"",""jurisdiction"":""EU"",""claim_url_verified"":true,""claim_url_by_type"":{},""contact_url"":""https://www.vueling.com/en/we-are-vueling/contact"",""contact_url_verified"":true,""adr_scheme"":""none"",""adr_scheme_url"":null,""escalation"":""the national enforcement body in the country you flew from (the European Commission lists them at https://transport.ec.europa.eu/transport-themes/passenger-rights/air_en)"",""airline_time_limit"":null,""response_time"":null,""form_fields"":[]}"
airline/IB,airline,Iberia,IB,flight_claim_route,"Claim on the airline’s own form. It is in no dispute scheme, so a refused UK261 claim goes to the Civil Aviation Authority’s complaints team.",,,,,,https://www.iberia.com/gb/claims/flight-disruptions/,true,none,archive,2026-09-30,https://web.archive.org/web/20260415045426/https://www.iberia.com/gb/claims-receipts/ https://web.archive.org/web/20250514043837/https://www.iberia.com/gb/claims/flight-disruptions/ https://www.caa.co.uk/air-passengers/travel-problems-and-rights/travel-complaints/alternative-dispute-resolution/,f0df1bbcdcbf,"{""country"":""ES"",""jurisdiction"":""EU"",""claim_url_verified"":true,""claim_url_by_type"":{},""contact_url"":""https://www.iberia.com/gb/customer-relations/"",""contact_url_verified"":true,""adr_scheme"":""none"",""adr_scheme_url"":null,""escalation"":""the national enforcement body in the country you flew from (the European Commission lists them at https://transport.ec.europa.eu/transport-themes/passenger-rights/air_en)"",""airline_time_limit"":null,""response_time"":""Iberia says it aims to reply within 7 business days, and up to 21 days for more complex claims."",""form_fields"":[]}"
airline/SK,airline,SAS Scandinavian Airlines,SK,flight_claim_route,Claim on the airline’s own form. A refused claim can go to CEDR (Centre for Effective Dispute Resolution).,,,,,,https://www.flysas.com/en/customer-service/contact/forms/claim-eu261,true,CEDR,archive,2026-09-30,https://web.archive.org/web/20260325111821/https://www.flysas.com/en/customer-service/contact/forms/claim-eu261 https://web.archive.org/web/20250911033248/https://www.flysas.com/gb-en/legal-info/eu-passenger-rights/ https://www.caa.co.uk/air-passengers/travel-problems-and-rights/travel-complaints/alternative-dispute-resolution/,95af2100374f,"{""country"":""SE"",""jurisdiction"":""EU"",""claim_url_verified"":true,""claim_url_by_type"":{},""contact_url"":""https://www.flysas.com/gb-en/customer-service/contact/forms/"",""contact_url_verified"":true,""adr_scheme"":""CEDR"",""adr_scheme_url"":""https://www.cedr-assist.com/consumer/aviation/overview/"",""escalation"":""CEDR (cedr-assist.com) if it covers your route, or the national enforcement body in the country you flew from (the European Commission lists them at https://transport.ec.europa.eu/transport-themes/passenger-rights/air_en)"",""airline_time_limit"":null,""response_time"":null,""form_fields"":[""Booking reference (6 characters)"",""Original flight number"",""Departure date"",""Whether the passenger was rebooked on another flight"",""Whether the trip was booked through a charter operator""]}"
airline/DY,airline,Norwegian,DY,flight_claim_route,"Claim on the airline’s own form. It is in no dispute scheme, so a refused UK261 claim goes to the Civil Aviation Authority’s complaints team.",,,,,,https://www.norwegian.com/uk/start/refund/expenseclaim/delay/,true,none,archive,2026-10-04,https://web.archive.org/web/20250813044520/https://www.norwegian.com/uk/travel-info/delayed-and-cancelled-flights/delayed-flights/ https://web.archive.org/web/20250809085830/https://www.norwegian.com/uk/travel-info/delayed-and-cancelled-flights/cancelled-flights/ https://web.archive.org/web/20260707152702/https://www.norwegian.com/uk/booking/booking-information/legal/general-conditions-of-carriage/ https://www.caa.co.uk/air-passengers/travel-problems-and-rights/travel-complaints/alternative-dispute-resolution/,4ecfcc9aa0c8,"{""country"":""NO"",""jurisdiction"":""EU"",""claim_url_verified"":true,""claim_url_by_type"":{""flight_cancellation"":""https://www.norwegian.com/uk/start/refund/expenseclaim/cancellation/""},""contact_url"":""https://www.norwegian.com/uk/technical-pages/claims/"",""contact_url_verified"":true,""adr_scheme"":""none"",""adr_scheme_url"":null,""escalation"":""the national enforcement body in the country you flew from (the European Commission lists them at https://transport.ec.europa.eu/transport-themes/passenger-rights/air_en)"",""airline_time_limit"":null,""response_time"":null,""form_fields"":[]}"
airline/EW,airline,Eurowings,EW,flight_claim_route,"Claim on the airline’s own form. It is in no dispute scheme, so a refused UK261 claim goes to the Civil Aviation Authority’s complaints team.",,,,,,https://www.eurowings.com/claimtool,true,none,archive,2026-10-04,https://web.archive.org/web/20260730172301/https://www.eurowings.com/en/information/about-us/company/contact-customer-service.html https://web.archive.org/web/20250812154455/https://www.eurowings.com/en/4u/online-service-for-the-right-to-compensation.html https://www.caa.co.uk/air-passengers/travel-problems-and-rights/travel-complaints/alternative-dispute-resolution/,a3943b63080d,"{""country"":""DE"",""jurisdiction"":""EU"",""claim_url_verified"":true,""claim_url_by_type"":{},""contact_url"":""https://www.eurowings.com/en/information/about-us/company/contact-customer-service.html"",""contact_url_verified"":true,""adr_scheme"":""none"",""adr_scheme_url"":null,""escalation"":""the national enforcement body in the country you flew from (the European Commission lists them at https://transport.ec.europa.eu/transport-themes/passenger-rights/air_en)"",""airline_time_limit"":null,""response_time"":null,""form_fields"":[""Flight number and departure date"",""First and last name and email address"",""Eurowings booking code"",""Bank details (account holder, IBAN, BIC), asked after a successful check""]}"
airline/HV,airline,Transavia,HV,flight_claim_route,"Claim on the airline’s own form. It is in no dispute scheme, so a refused UK261 claim goes to the Civil Aviation Authority’s complaints team.",,,,,,https://www.transavia.com/en-eu/faq/contact/,true,none,archive,2026-09-30,https://web.archive.org/web/20260604164859/https://www.transavia.com/en-eu/faq/contact/ https://web.archive.org/web/20250809090729/https://www.transavia.com/help/en-eu/contact-complaints/contact/submit-claim https://www.caa.co.uk/air-passengers/travel-problems-and-rights/travel-complaints/alternative-dispute-resolution/,16cba864e9fc,"{""country"":""NL"",""jurisdiction"":""EU"",""claim_url_verified"":true,""claim_url_by_type"":{},""contact_url"":""https://www.transavia.com/help/en-eu/contact"",""contact_url_verified"":true,""adr_scheme"":""none"",""adr_scheme_url"":null,""escalation"":""the national enforcement body in the country you flew from (the European Commission lists them at https://transport.ec.europa.eu/transport-themes/passenger-rights/air_en)"",""airline_time_limit"":null,""response_time"":""Transavia’s form page says it responds within 2 weeks; an older help article said 3 to 6 weeks."",""form_fields"":[""Category: flight disruptions"",""Flight number and flight date"",""Booking number"",""Receipts for expenses (optional)""]}"
airline/AY,airline,Finnair,AY,flight_claim_route,"Claim on the airline’s own form. It is in no dispute scheme, so a refused UK261 claim goes to the Civil Aviation Authority’s complaints team.",,,,,,https://www.finnair.com/gb-en/customer-care-and-contact-information/contact-forms/feedback-and-compensation,true,none,live,2026-09-30,https://www.finnair.com/gb-en/customer-care-and-contact-information/contact-forms/feedback-and-compensation https://www.caa.co.uk/air-passengers/travel-problems-and-rights/travel-complaints/alternative-dispute-resolution/,1bbd57239554,"{""country"":""FI"",""jurisdiction"":""EU"",""claim_url_verified"":true,""claim_url_by_type"":{},""contact_url"":""https://www.finnair.com/feedback"",""contact_url_verified"":true,""adr_scheme"":""none"",""adr_scheme_url"":null,""escalation"":""the national enforcement body in the country you flew from (the European Commission lists them at https://transport.ec.europa.eu/transport-themes/passenger-rights/air_en)"",""airline_time_limit"":""Finnair asks for compensation claims within two months of the disrupted flight. That is its own requirement and shorter than the legal limitation period; a claim made inside two months avoids a dispute over it."",""response_time"":null,""form_fields"":[]}"
airline/AZ,airline,ITA Airways,AZ,flight_claim_route,"Claim on the airline’s own form. It is in no dispute scheme, so a refused UK261 claim goes to the Civil Aviation Authority’s complaints team.",,,,,,https://www.complaint.ita-airways.com/s/complaint?language=en_US&market=EN,true,none,archive,2026-09-30,https://web.archive.org/web/20260315115143/https://www.ita-airways.com/en_gb/fly-ita/ita-world/passenger-rights/delays-and-cancellations.html https://www.caa.co.uk/air-passengers/travel-problems-and-rights/travel-complaints/alternative-dispute-resolution/,868573ac98b9,"{""country"":""IT"",""jurisdiction"":""EU"",""claim_url_verified"":true,""claim_url_by_type"":{},""contact_url"":""https://www.ita-airways.com/en_gb/support/contact-assistance/customer-center.html"",""contact_url_verified"":true,""adr_scheme"":""none"",""adr_scheme_url"":null,""escalation"":""the national enforcement body in the country you flew from (the European Commission lists them at https://transport.ec.europa.eu/transport-themes/passenger-rights/air_en)"",""airline_time_limit"":null,""response_time"":null,""form_fields"":[]}"
airline/TP,airline,TAP Air Portugal,TP,flight_claim_route,Claim on the airline’s own form. A refused claim can go to AviationADR.,,,,,,https://www.flytap.com/en-gb/help/requests-complaints/complaints,true,AviationADR,live,2026-09-30,https://www.flytap.com/en-gb/help/delays-cancellations https://www.flytap.com/en-gb/help/requests-complaints/complaints https://www.caa.co.uk/air-passengers/travel-problems-and-rights/travel-complaints/alternative-dispute-resolution/,5d5dfdc6f7d8,"{""country"":""PT"",""jurisdiction"":""EU"",""claim_url_verified"":true,""claim_url_by_type"":{},""contact_url"":""https://www.flytap.com/en-gb/support/talk-to-us"",""contact_url_verified"":true,""adr_scheme"":""AviationADR"",""adr_scheme_url"":""https://www.aviationadr.org.uk/"",""escalation"":""AviationADR (aviationadr.org.uk) if it covers your route, or the national enforcement body in the country you flew from (the European Commission lists them at https://transport.ec.europa.eu/transport-themes/passenger-rights/air_en)"",""airline_time_limit"":null,""response_time"":null,""form_fields"":[]}"
airline/LO,airline,LOT Polish Airlines,LO,flight_claim_route,"Claim on the airline’s own form. It is in no dispute scheme, so a refused UK261 claim goes to the Civil Aviation Authority’s complaints team.",,,,,,https://www.lot.com/gb/en/help-center/contact/forms/form-claim-after-departure,true,none,archive,2026-09-30,https://web.archive.org/web/20260615013140/https://www.lot.com/gb/en/help-center/contact/forms/form-claim-after-departure https://www.caa.co.uk/air-passengers/travel-problems-and-rights/travel-complaints/alternative-dispute-resolution/,b93bca068b52,"{""country"":""PL"",""jurisdiction"":""EU"",""claim_url_verified"":true,""claim_url_by_type"":{},""contact_url"":null,""contact_url_verified"":false,""adr_scheme"":""none"",""adr_scheme_url"":null,""escalation"":""the national enforcement body in the country you flew from (the European Commission lists them at https://transport.ec.europa.eu/transport-themes/passenger-rights/air_en)"",""airline_time_limit"":null,""response_time"":null,""form_fields"":[""Submitting as the passenger or on the passenger’s behalf"",""Title, first name and last name"",""Postal address, phone and email"",""Travel companions on the same booking (optional)"",""Reservation number and ticket number"",""Flight number, route, travel date and cabin class"",""What the complaint concerns and a message (up to 2,500 characters)"",""Attachments (up to 20 files, 20 MB in total)""]}"
airline/A3,airline,Aegean Airlines,A3,flight_claim_route,"Claim on the airline’s own form. It is in no dispute scheme, so a refused UK261 claim goes to the Civil Aviation Authority’s complaints team.",,,,,,https://en.aegeanair.com/contact/Form/,true,none,archive,2026-09-30,https://web.archive.org/web/20260507145539/https://en.aegeanair.com/contact/Form/ https://www.caa.co.uk/air-passengers/travel-problems-and-rights/travel-complaints/alternative-dispute-resolution/,05fc7c549659,"{""country"":""GR"",""jurisdiction"":""EU"",""claim_url_verified"":true,""claim_url_by_type"":{},""contact_url"":""https://en.aegeanair.com/contact/"",""contact_url_verified"":true,""adr_scheme"":""none"",""adr_scheme_url"":null,""escalation"":""the national enforcement body in the country you flew from (the European Commission lists them at https://transport.ec.europa.eu/transport-themes/passenger-rights/air_en)"",""airline_time_limit"":null,""response_time"":null,""form_fields"":[""Category: passenger rights (EC) 261/2004"",""Type: file a complaint"",""Topic: time change, flight delay, flight cancellation or denied boarding"",""Whether the passenger or someone on their behalf is filling it in"",""Ticket number and booking reference, flight number and origin"",""Compensation requested and any expenses, with the total"",""Bank details"",""Message, attachments and contact details""]}"
airline/PC,airline,Pegasus Airlines,PC,flight_claim_route,"Untap has not found the airline’s claim page. It is in no dispute scheme, so a refused UK261 claim goes to the Civil Aviation Authority’s complaints team.",,,,,,,false,none,unverified,2026-09-30,https://www.flypgs.com/en/help-center https://www.flypgs.com/en/useful-info/other-info/passenger-rights https://www.caa.co.uk/air-passengers/travel-problems-and-rights/travel-complaints/alternative-dispute-resolution/,33e50e963c57,"{""country"":""TR"",""jurisdiction"":""other"",""claim_url_verified"":false,""claim_url_by_type"":{},""contact_url"":""https://www.flypgs.com/en/help-center"",""contact_url_verified"":true,""adr_scheme"":""none"",""adr_scheme_url"":null,""escalation"":""the national enforcement body in the country you flew from (the European Commission lists them at https://transport.ec.europa.eu/transport-themes/passenger-rights/air_en)"",""airline_time_limit"":null,""response_time"":null,""form_fields"":[""Short summary of the complaint"",""Flight date and flight number"",""Reservation number (PNR)"",""Copies of relevant documents""]}"
airline/EK,airline,Emirates,EK,flight_claim_route,"Claim on the airline’s own form. It is in no dispute scheme, so a refused UK261 claim goes to the Civil Aviation Authority’s complaints team.",,,,,,https://www.emirates.com/uk/english/help/forms/complaint/,true,none,live,2026-09-30,https://www.emirates.com/uk/english/help/forms/complaint/ https://www.emirates.com/uk/english/before-you-fly/travel/rules-and-notices/delay-notice-uk/ https://www.caa.co.uk/air-passengers/travel-problems-and-rights/travel-complaints/alternative-dispute-resolution/,435829bdc901,"{""country"":""AE"",""jurisdiction"":""other"",""claim_url_verified"":true,""claim_url_by_type"":{},""contact_url"":""https://www.emirates.com/uk/english/help/"",""contact_url_verified"":true,""adr_scheme"":""none"",""adr_scheme_url"":null,""escalation"":""the national enforcement body in the country you flew from (the European Commission lists them at https://transport.ec.europa.eu/transport-themes/passenger-rights/air_en)"",""airline_time_limit"":null,""response_time"":null,""form_fields"":[""Ticket holder’s last name and ticket number (no spaces), then the flight"",""Feedback or complaint type"",""Title, first name, last name and email address"",""Phone number"",""Skywards number (optional)"",""Country of residence"",""The complaint itself (up to 3,000 characters)"",""Attachments (up to 6)""]}"
airline/QR,airline,Qatar Airways,QR,flight_claim_route,"Claim on the airline’s own form. It is in no dispute scheme, so a refused UK261 claim goes to the Civil Aviation Authority’s complaints team.",,,,,,https://www.qatarairways.com/en-gb/help.html#feedback,true,none,live,2026-09-30,https://www.qatarairways.com/en-gb/legal/uk-air-passenger-rights.html https://web.archive.org/web/20260924063207/https://www.qatarairways.com/en-gb/help.html https://www.caa.co.uk/air-passengers/travel-problems-and-rights/travel-complaints/alternative-dispute-resolution/,fea41d4fd419,"{""country"":""QA"",""jurisdiction"":""other"",""claim_url_verified"":true,""claim_url_by_type"":{},""contact_url"":""https://www.qatarairways.com/en-gb/help.html"",""contact_url_verified"":true,""adr_scheme"":""none"",""adr_scheme_url"":null,""escalation"":""the national enforcement body in the country you flew from (the European Commission lists them at https://transport.ec.europa.eu/transport-themes/passenger-rights/air_en)"",""airline_time_limit"":null,""response_time"":null,""form_fields"":[]}"
airline/EY,airline,Etihad Airways,EY,flight_claim_route,"Claim on the airline’s own form. It is in no dispute scheme, so a refused UK261 claim goes to the Civil Aviation Authority’s complaints team.",,,,,,https://www.etihad.com/en-gb/help/share-feedback/raise-a-complaint,true,none,live,2026-09-30,https://www.etihad.com/en-gb/help/share-feedback https://www.etihad.com/en-gb/legal/rules-and-notices https://www.caa.co.uk/air-passengers/travel-problems-and-rights/travel-complaints/alternative-dispute-resolution/,34fe367d6ebc,"{""country"":""AE"",""jurisdiction"":""other"",""claim_url_verified"":true,""claim_url_by_type"":{},""contact_url"":""https://www.etihad.com/en-gb/help/feedback"",""contact_url_verified"":true,""adr_scheme"":""none"",""adr_scheme_url"":null,""escalation"":""the national enforcement body in the country you flew from (the European Commission lists them at https://transport.ec.europa.eu/transport-themes/passenger-rights/air_en)"",""airline_time_limit"":null,""response_time"":null,""form_fields"":[]}"
airline/TK,airline,Turkish Airlines,TK,flight_claim_route,The airline’s claim page was seen only in search results and is not verified. A refused claim can go to AviationADR.,,,,,,https://www.turkishairlines.com/en-gb/any-questions/customer-relations/feedback/,false,AviationADR,search_snippet,2026-09-30,https://www.turkishairlines.com/en-gb/any-questions/customer-relations/ https://www.turkishairlines.com/en-gb/any-questions/get-in-touch/ https://www.caa.co.uk/air-passengers/travel-problems-and-rights/travel-complaints/alternative-dispute-resolution/,accac024e257,"{""country"":""TR"",""jurisdiction"":""other"",""claim_url_verified"":false,""claim_url_by_type"":{},""contact_url"":""https://www.turkishairlines.com/en-gb/any-questions/get-in-touch/"",""contact_url_verified"":true,""adr_scheme"":""AviationADR"",""adr_scheme_url"":""https://www.aviationadr.org.uk/"",""escalation"":""AviationADR (aviationadr.org.uk) if it covers your route, or the national enforcement body in the country you flew from (the European Commission lists them at https://transport.ec.europa.eu/transport-themes/passenger-rights/air_en)"",""airline_time_limit"":null,""response_time"":null,""form_fields"":[]}"
airline/AA,airline,American Airlines,AA,flight_claim_route,"Claim on the airline’s own form. It is in no dispute scheme, so a refused UK261 claim goes to the Civil Aviation Authority’s complaints team.",,,,,,https://www.aa.com/contact/forms?topic=,true,none,live,2026-09-30,https://www.aa.com/i18n/customer-service/contact-american/customer-relations.jsp?locale=en_GB https://www.aa.com/web/i18n/customer-service/support/passenger-rights-european-union.html?locale=en_ES https://www.caa.co.uk/air-passengers/travel-problems-and-rights/travel-complaints/alternative-dispute-resolution/,dada9e76d681,"{""country"":""US"",""jurisdiction"":""other"",""claim_url_verified"":true,""claim_url_by_type"":{},""contact_url"":""https://www.aa.com/i18n/customer-service/contact-american/customer-relations.jsp?locale=en_GB"",""contact_url_verified"":true,""adr_scheme"":""none"",""adr_scheme_url"":null,""escalation"":""the national enforcement body in the country you flew from (the European Commission lists them at https://transport.ec.europa.eu/transport-themes/passenger-rights/air_en)"",""airline_time_limit"":null,""response_time"":null,""form_fields"":[""Topic, subject and reason"",""Contact details, postal address and email address"",""Confirmation code or ticket number"",""Flight number, date of travel, origin and destination""]}"
airline/UA,airline,United Airlines,UA,flight_claim_route,"The airline’s claim page was seen only in search results and is not verified. It is in no dispute scheme, so a refused UK261 claim goes to the Civil Aviation Authority’s complaints team.",,,,,,https://www.united.com/en/us/customercare,false,none,search_snippet,2026-09-30,https://www.united.com/en/us/fly/customer-support.html https://www.united.com/en/us/fly/help-center.html https://www.caa.co.uk/air-passengers/travel-problems-and-rights/travel-complaints/alternative-dispute-resolution/,dcdb39fe203e,"{""country"":""US"",""jurisdiction"":""other"",""claim_url_verified"":false,""claim_url_by_type"":{},""contact_url"":""https://www.united.com/en/us/fly/customer-support.html"",""contact_url_verified"":true,""adr_scheme"":""none"",""adr_scheme_url"":null,""escalation"":""the national enforcement body in the country you flew from (the European Commission lists them at https://transport.ec.europa.eu/transport-themes/passenger-rights/air_en)"",""airline_time_limit"":null,""response_time"":null,""form_fields"":[]}"
airline/DL,airline,Delta Air Lines,DL,flight_claim_route,Claim on the airline’s own form. A refused claim can go to AviationADR.,,,,,,https://www.delta.com/us/en/need-help/overview?commentComplaintsForm,true,AviationADR,live,2026-09-30,https://www.delta.com/us/en/change-cancel/exit-eu-compensation https://www.caa.co.uk/air-passengers/travel-problems-and-rights/travel-complaints/alternative-dispute-resolution/,cf4c6375474a,"{""country"":""US"",""jurisdiction"":""other"",""claim_url_verified"":true,""claim_url_by_type"":{},""contact_url"":""https://www.delta.com/us/en/need-help/overview"",""contact_url_verified"":true,""adr_scheme"":""AviationADR"",""adr_scheme_url"":""https://www.aviationadr.org.uk/"",""escalation"":""AviationADR (aviationadr.org.uk) if it covers your route, or the national enforcement body in the country you flew from (the European Commission lists them at https://transport.ec.europa.eu/transport-themes/passenger-rights/air_en)"",""airline_time_limit"":null,""response_time"":null,""form_fields"":[]}"
airline/AC,airline,Air Canada,AC,flight_claim_route,Claim on the airline’s own form. A refused claim can go to AviationADR.,,,,,,https://www.aircanada.com/customerrelations,true,AviationADR,live,2026-09-30,https://www.aircanada.com/content/dam/aircanada/portal/documents/PDF/en/passenger_rights/ACF519_UK_Eng-fr-(2022-09).pdf https://www.aircanada.com/ca/en/aco/home/fly/customer-support.html https://www.caa.co.uk/air-passengers/travel-problems-and-rights/travel-complaints/alternative-dispute-resolution/,5d3eda3aca4b,"{""country"":""CA"",""jurisdiction"":""other"",""claim_url_verified"":true,""claim_url_by_type"":{},""contact_url"":""https://www.aircanada.com/ca/en/aco/home/fly/customer-support.html"",""contact_url_verified"":true,""adr_scheme"":""AviationADR"",""adr_scheme_url"":""https://www.aviationadr.org.uk/"",""escalation"":""AviationADR (aviationadr.org.uk) if it covers your route, or the national enforcement body in the country you flew from (the European Commission lists them at https://transport.ec.europa.eu/transport-themes/passenger-rights/air_en)"",""airline_time_limit"":null,""response_time"":null,""form_fields"":[]}"
tfl/incomplete-journey-window,tfl,Incomplete journeys,,tfl_refund,Claim a refund for an incomplete journey within 8 weeks of the date of travel.,,,,,56,https://tfl.gov.uk/fares/refunds/apply-for-incomplete-journey-refund,,,live,2026-10-05,https://tfl.gov.uk/fares/refunds/apply-for-incomplete-journey-refund,59cadea1fc5d,"{""value"":8,""unit"":""weeks"",""stated_on"":""https://untap.money/guides/tfl-refunds/incomplete-journey""}"
tfl/incomplete-journey-amount,tfl,Incomplete journeys,,tfl_refund,The refund is the difference between the maximum fare charged and the fare for the journey you actually made.,,,,,,https://tfl.gov.uk/fares/refunds/apply-for-incomplete-journey-refund,,,untap_guide,2026-09-30,https://untap.money/guides/tfl-refunds https://tfl.gov.uk/fares/refunds/apply-for-incomplete-journey-refund,73f576f55e59,"{""value"":null,""unit"":null,""stated_on"":""https://untap.money/guides/tfl-refunds""}"
tfl/incomplete-journey-wait,tfl,Incomplete journeys,,tfl_refund,"Wait 48 hours before claiming, because TfL corrects many incomplete journeys automatically.",,,,,,https://tfl.gov.uk/fares/refunds/apply-for-incomplete-journey-refund,,,live,2026-10-05,https://tfl.gov.uk/fares/refunds/apply-for-incomplete-journey-refund,0cc6a914dd38,"{""value"":48,""unit"":""hours"",""stated_on"":""https://untap.money/guides/tfl-refund-tools""}"
tfl/card-clash,tfl,Incomplete journeys,,tfl_refund,"Using two different cards or devices for one journey is treated as an incomplete journey, with the same 8-week window and the same form.",,,,,56,https://tfl.gov.uk/fares/refunds/apply-for-incomplete-journey-refund,,,live,2026-10-05,https://tfl.gov.uk/fares/refunds/apply-for-incomplete-journey-refund,e16e2e8895bb,"{""value"":8,""unit"":""weeks"",""stated_on"":""https://untap.money/guides/tfl-refunds/card-clash""}"
tfl/hopper-window,tfl,Hopper fare,,tfl_refund,Bus and tram journeys started within 60 minutes of the tap that opens the Hopper window are free after the first fare. A charged tap inside that window is a missed Hopper fare.,,,,,,https://tfl.gov.uk/fares/find-fares/bus-and-tram-fares,,,live,2026-10-05,https://tfl.gov.uk/fares/find-fares/bus-and-tram-fares,656fb63a3187,"{""value"":60,""unit"":""minutes"",""stated_on"":""https://untap.money/tfl-check""}"
tfl/hopper-claim-window,tfl,Hopper fare,,tfl_refund,Untap treats a missed Hopper fare as claimable for the same 8 weeks as an incomplete journey.,,,,,56,,,,untap_practice,2026-09-30,https://untap.money/tfl-check,447067eff950,"{""value"":8,""unit"":""weeks"",""stated_on"":""https://untap.money/tfl-check""}"
tfl/capping-maximum-fares,tfl,Capping,,tfl_refund,Maximum fares do not count towards daily or weekly capping.,,,,,,https://tfl.gov.uk/fares/find-fares/capping,,,untap_guide,2026-09-30,https://untap.money/guides/tfl-refunds/card-clash https://tfl.gov.uk/fares/find-fares/capping,e5d1a7a50878,"{""value"":null,""unit"":null,""stated_on"":""https://untap.money/guides/tfl-refunds/card-clash""}"
tfl/capping-same-card,tfl,Capping,,tfl_refund,Daily and weekly capping only works when every tap is on the same card or device.,,,,,,https://tfl.gov.uk/fares/find-fares/capping,,,live,2026-10-05,https://tfl.gov.uk/fares/find-fares/capping,814d8eed4342,"{""value"":null,""unit"":null,""stated_on"":""https://untap.money/guides/tfl-refunds/card-clash""}"
tfl/capping-absorbed,tfl,Capping,,tfl_refund,"Where a statement shows a daily or weekly cap already absorbed an incomplete journey’s charge, Untap counts nothing extra as owed.",,,,,,,,,untap_practice,2026-09-30,https://untap.money/tfl-check,fc2e99a226cd,"{""value"":null,""unit"":null,""stated_on"":""https://untap.money/tfl-check""}"
tfl/service-delay-tube-dlr,tfl,Service delays,,tfl_refund,A service delay refund is available from 15 minutes late on London Underground and the DLR.,15,,,,,https://tfl.gov.uk/fares/refunds/apply-for-a-service-delay-refund,,,live,2026-10-05,https://tfl.gov.uk/fares/refunds/apply-for-a-service-delay-refund,a1302e0491f1,"{""value"":15,""unit"":""minutes"",""stated_on"":""https://untap.money/guides/tfl-refunds/service-delay""}"
tfl/service-delay-overground-elizabeth,tfl,Service delays,,tfl_refund,A service delay refund is available from 30 minutes late on London Overground and the Elizabeth line.,30,,,,,https://tfl.gov.uk/fares/refunds/apply-for-a-service-delay-refund,,,live,2026-10-05,https://tfl.gov.uk/fares/refunds/apply-for-a-service-delay-refund,3c972456eed7,"{""value"":30,""unit"":""minutes"",""stated_on"":""https://untap.money/guides/tfl-refunds/service-delay""}"
tfl/service-delay-bus-tram,tfl,Service delays,,tfl_refund,There is no service delay refund for a bus or tram.,,,,,,https://tfl.gov.uk/fares/refunds/apply-for-a-service-delay-refund,,,live,2026-10-05,https://tfl.gov.uk/fares/refunds/apply-for-a-service-delay-refund,8a6ba6bdefbd,"{""value"":null,""unit"":null,""stated_on"":""https://untap.money/guides/tfl-refund-tools""}"
tfl/service-delay-amount,tfl,Service delays,,tfl_refund,A qualifying delay refunds one single fare for the delayed journey.,,,,,,https://tfl.gov.uk/fares/refunds/apply-for-a-service-delay-refund,,,live,2026-10-05,https://tfl.gov.uk/fares/refunds/apply-for-a-service-delay-refund,bbe38142fcb7,"{""value"":null,""unit"":null,""stated_on"":""https://untap.money/guides/tfl-refunds/service-delay""}"
tfl/service-delay-window,tfl,Service delays,,tfl_refund,Claim a service delay refund within 28 days of the delay.,,,,,28,https://tfl.gov.uk/fares/refunds/apply-for-a-service-delay-refund,,,live,2026-10-05,https://tfl.gov.uk/fares/refunds/apply-for-a-service-delay-refund,0cc8f85e68d1,"{""value"":28,""unit"":""days"",""stated_on"":""https://untap.money/guides/tfl-refunds/service-delay""}"
tfl/service-delay-exclusions,tfl,Service delays,,tfl_refund,"No refund when the delay was outside TfL’s control: strikes, security alerts, bad weather, engineering works and customer incidents.",,,,,,https://tfl.gov.uk/fares/refunds/apply-for-a-service-delay-refund,,,live,2026-10-05,https://tfl.gov.uk/fares/refunds/apply-for-a-service-delay-refund,bbe38142fcb7,"{""value"":null,""unit"":null,""stated_on"":""https://untap.money/guides/tfl-refunds/service-delay""}"
tfl/unused-credit,tfl,Unused credit,,tfl_refund,Unused pay as you go credit or an unused ticket has no fixed deadline. Credit of £10 or less can be taken instantly at any Tube ticket machine.,,,,,,https://tfl.gov.uk/fares/refunds/apply-for-unused-credit-or-ticket-refund,,,live,2026-10-05,https://tfl.gov.uk/fares/refunds/apply-for-unused-credit-or-ticket-refund,899285341181,"{""value"":10,""unit"":""GBP"",""stated_on"":""https://untap.money/guides/tfl-refund-tools""}"
tfl/penalty-fare-appeal,tfl,Revenue inspections,,tfl_refund,Appeal a penalty fare within 21 days.,,,,,21,,,,untap_guide,2026-09-30,https://untap.money/guides/tfl-refunds/failed-revenue-inspection,447c61027fd1,"{""value"":21,""unit"":""days"",""stated_on"":""https://untap.money/guides/tfl-refunds/failed-revenue-inspection""}"
scheme/uk261-short,scheme,UK261 short band,UK261,flight_compensation_band,"£220 per passenger for a flight up to 1,500 km arriving 3 hours or more late, or cancelled. Half (£110) only where a cancelled flight’s replacement arrived less than 2 hours late.",180,,220,GBP,,,,,statute,2026-10-05,https://www.legislation.gov.uk/eur/2004/261/article/7,ec75791cabd5,"{""scheme"":""UK261"",""currency"":""GBP"",""band"":""short"",""distance_over_km"":0,""distance_up_to_km"":1500,""delay_threshold_minutes"":180,""amount"":220,""reduced_amount"":110,""long_haul_full_rate_minutes"":null,""reroute_half_rate_under_minutes"":120,""intra_eu_capped_at_medium"":false}"
scheme/uk261-medium,scheme,UK261 medium band,UK261,flight_compensation_band,"£350 per passenger for a flight 1,500 to 3,500 km arriving 3 hours or more late, or cancelled. Half (£175) only where a cancelled flight’s replacement arrived less than 3 hours late.",180,,350,GBP,,,,,statute,2026-10-05,https://www.legislation.gov.uk/eur/2004/261/article/7,ce952992bb8a,"{""scheme"":""UK261"",""currency"":""GBP"",""band"":""medium"",""distance_over_km"":1500,""distance_up_to_km"":3500,""delay_threshold_minutes"":180,""amount"":350,""reduced_amount"":175,""long_haul_full_rate_minutes"":null,""reroute_half_rate_under_minutes"":180,""intra_eu_capped_at_medium"":false}"
scheme/uk261-long,scheme,UK261 long band,UK261,flight_compensation_band,"£520 per passenger for a flight over 3,500 km arriving 3 hours or more late, or cancelled. Half (£260) for an arrival delay of 3 to 4 hours.",180,,520,GBP,,,,,statute,2026-10-05,https://www.legislation.gov.uk/eur/2004/261/article/7,0893c085b400,"{""scheme"":""UK261"",""currency"":""GBP"",""band"":""long"",""distance_over_km"":3500,""distance_up_to_km"":null,""delay_threshold_minutes"":180,""amount"":520,""reduced_amount"":260,""long_haul_full_rate_minutes"":240,""reroute_half_rate_under_minutes"":240,""intra_eu_capped_at_medium"":false}"
scheme/eu261-short,scheme,EU261 short band,EU261,flight_compensation_band,"€250 per passenger for a flight up to 1,500 km arriving 3 hours or more late, or cancelled. Half (€125) only where a cancelled flight’s replacement arrived less than 2 hours late.",180,,250,EUR,,,,,statute,2026-10-05,https://www.legislation.gov.uk/eur/2004/261/article/7/adopted,9ce1093cd943,"{""scheme"":""EU261"",""currency"":""EUR"",""band"":""short"",""distance_over_km"":0,""distance_up_to_km"":1500,""delay_threshold_minutes"":180,""amount"":250,""reduced_amount"":125,""long_haul_full_rate_minutes"":null,""reroute_half_rate_under_minutes"":120,""intra_eu_capped_at_medium"":false}"
scheme/eu261-medium,scheme,EU261 medium band,EU261,flight_compensation_band,"€400 per passenger for a flight 1,500 to 3,500 km arriving 3 hours or more late, or cancelled. Half (€200) only where a cancelled flight’s replacement arrived less than 3 hours late. A flight between two EU airports of more than 1,500 km is paid at this band, however long it is.",180,,400,EUR,,,,,statute,2026-10-05,https://www.legislation.gov.uk/eur/2004/261/article/7/adopted,2a8467174bda,"{""scheme"":""EU261"",""currency"":""EUR"",""band"":""medium"",""distance_over_km"":1500,""distance_up_to_km"":3500,""delay_threshold_minutes"":180,""amount"":400,""reduced_amount"":200,""long_haul_full_rate_minutes"":null,""reroute_half_rate_under_minutes"":180,""intra_eu_capped_at_medium"":false}"
scheme/eu261-long,scheme,EU261 long band,EU261,flight_compensation_band,"€600 per passenger for a flight over 3,500 km arriving 3 hours or more late, or cancelled. Half (€300) for an arrival delay of 3 to 4 hours. Not for a flight between two EU airports, which stays at the medium band.",180,,600,EUR,,,,,statute,2026-10-05,https://www.legislation.gov.uk/eur/2004/261/article/7/adopted,94c8379f6a9e,"{""scheme"":""EU261"",""currency"":""EUR"",""band"":""long"",""distance_over_km"":3500,""distance_up_to_km"":null,""delay_threshold_minutes"":180,""amount"":600,""reduced_amount"":300,""long_haul_full_rate_minutes"":240,""reroute_half_rate_under_minutes"":240,""intra_eu_capped_at_medium"":true}"
scheme/rail-ombudsman,scheme,Rail Ombudsman,,escalation_or_time_limit,"Once 40 working days have passed since complaining to the operator, or sooner on a final response (a deadlock letter, email or text) the person is unhappy with. Delay and cancellation disputes are in scope; it is free, and its decision binds the operator if the person accepts it. Within 12 months of the operator’s final response, unless circumstances are exceptional.",,,,,,https://www.railombudsman.org,,,live,2026-10-04,https://www.railombudsman.org/en/faq,b8ea58670e4f,"{""applies_to"":""rail"",""when"":""Once 40 working days have passed since complaining to the operator, or sooner on a final response (a deadlock letter, email or text) the person is unhappy with. Delay and cancellation disputes are in scope; it is free, and its decision binds the operator if the person accepts it."",""time_limit"":""Within 12 months of the operator’s final response, unless circumstances are exceptional.""}"
scheme/rail-claim-handling,scheme,Rail delay claim handling,,escalation_or_time_limit,"Under the rail regulator’s Delay Compensation Code of Practice, operators process a correctly completed claim within 20 working days, tell the passenger within 5 working days if evidence is missing, and give written reasons and a way to contest a refusal.",,,,,,,,,live,2026-10-04,https://www.orr.gov.uk/sites/default/files/2022-03/delay-compensation-code-of-practice.pdf,65efd178c269,"{""applies_to"":""rail"",""processing_working_days"":20,""missing_evidence_notice_working_days"":5}"
scheme/rail-claim-deadline,scheme,Rail claim deadline,,escalation_or_time_limit,Compensation is claimed from the train company responsible for the delay. A claim sent to any train company whose trains were used is passed on to the right one. Claims go in within 28 days of finishing the journey.,,,,,28,,,,live,2026-10-04,https://www.nationalrail.co.uk/NRCOT/,ce17a7ecdfa2,"{""applies_to"":""rail"",""claim_deadline_days"":28}"
scheme/airline-final-response,scheme,Airline final response,,escalation_or_time_limit,"If the airline refuses, or has not given a final answer within 8 weeks of the written claim, the case can go to the airline’s dispute scheme or, if it has none, to the CAA.",,,,,,,,,live,2026-10-04,https://www.caa.co.uk/air-passengers/travel-problems-and-rights/travel-complaints/alternative-dispute-resolution/,2d4fb0f548e8,"{""applies_to"":""flights"",""weeks_before_escalation"":8}"
scheme/aviation-adr,scheme,AviationADR,,escalation_or_time_limit,"After a written complaint to the airline through its own procedure, and either its final written response (deadlock letter) or 8 weeks without one. Free for passengers; the decision binds the airline once the passenger accepts it. Within 12 months of the airline’s final response, or of the last contact if it never replied.",,,,,,https://www.aviationadr.org.uk/,,,live,2026-10-04,https://www.aviationadr.org.uk/complaints-process/what-to-do-before/,6c749369792b,"{""applies_to"":""flights"",""when"":""After a written complaint to the airline through its own procedure, and either its final written response (deadlock letter) or 8 weeks without one. Free for passengers; the decision binds the airline once the passenger accepts it."",""time_limit"":""Within 12 months of the airline’s final response, or of the last contact if it never replied.""}"
scheme/cedr,scheme,CEDR aviation adjudication,,escalation_or_time_limit,"Once 8 weeks have passed since the first complaint without a settlement, or the airline says it cannot resolve it, or it could not be reached despite reasonable efforts. Free for passengers; the decision binds the airline once the passenger accepts it. Within 12 months of the deadlock notice, or of the last attempt to contact the airline if there was none.",,,,,,https://www.cedr-assist.com/consumer/aviation/overview/,,,live,2026-10-04,https://www.cedr-assist.com/hubfs/Consumer%20Documents/Aviation/CEDR%20Aviation%20Adjudication%20Scheme%20Rules%20-%20March%202026.pdf,8dc04486ddac,"{""applies_to"":""flights"",""when"":""Once 8 weeks have passed since the first complaint without a settlement, or the airline says it cannot resolve it, or it could not be reached despite reasonable efforts. Free for passengers; the decision binds the airline once the passenger accepts it."",""time_limit"":""Within 12 months of the deadlock notice, or of the last attempt to contact the airline if there was none.""}"
scheme/caa-pact,scheme,Civil Aviation Authority complaints team (PACT),,escalation_or_time_limit,"For a UK261 claim on an airline in no approved dispute scheme, after a written complaint and an unsatisfactory answer or 8 weeks without one. PACT gives a view and raises it with the airline but cannot impose a decision. PACT does not take a complaint with less than a year left to go to court.",,,,,,https://www.caa.co.uk/air-passengers/travel-problems-and-rights/travel-complaints/how-the-caa-can-help/,,,live,2026-10-04,https://www.caa.co.uk/air-passengers/travel-problems-and-rights/travel-complaints/how-the-caa-can-help/,f921e4bed233,"{""applies_to"":""flights"",""when"":""For a UK261 claim on an airline in no approved dispute scheme, after a written complaint and an unsatisfactory answer or 8 weeks without one. PACT gives a view and raises it with the airline but cannot impose a decision."",""time_limit"":""PACT does not take a complaint with less than a year left to go to court.""}"
scheme/uk261-court-time-limit,scheme,UK261 court time limit,,escalation_or_time_limit,"A UK261 claim can be taken to court within six years of the flight in England, Wales and Northern Ireland, and five years in Scotland.",,,,,,,,,live,2026-10-04,https://www.caa.co.uk/air-passengers/travel-problems-and-rights/travel-complaints/how-the-caa-can-help/,00ddea7a5d47,"{""applies_to"":""flights"",""years_england_wales_northern_ireland"":6,""years_scotland"":5}"
scheme/eu261-court-time-limit,scheme,EU261 court time limit,,escalation_or_time_limit,"EU261 sets no time limit of its own: the period is set by the national law of the country where the claim is brought (Cuadrench Moré v KLM, C-139/11). Untap does not hold a table of those periods, so no date is given. A dispute scheme can have its own time limit.",,,,,,,,,statute,2026-10-04,https://eur-lex.europa.eu/legal-content/EN/TXT/?uri=CELEX:62011CJ0139,d7b8d72112cb,"{""applies_to"":""flights"",""years"":null}"
scheme/london-travelwatch,scheme,London TravelWatch,,escalation_or_time_limit,"After complaining to TfL and asking for a manager’s review, if the outcome or the handling is still not right. It expects TfL to have had 20 working days to reply and cannot force TfL to agree. London Overground and Elizabeth line complaints go to the Rail Ombudsman instead. No fixed limit, but complaints have to be raised within a reasonable time; London TravelWatch notes most come within six weeks of the problem.",,,,,,https://www.londontravelwatch.org.uk,,,live,2026-10-04,https://www.londontravelwatch.org.uk/complaints-and-appeals/appealing-your-complaint/,552de13e337c,"{""applies_to"":""tfl"",""when"":""After complaining to TfL and asking for a manager’s review, if the outcome or the handling is still not right. It expects TfL to have had 20 working days to reply and cannot force TfL to agree. London Overground and Elizabeth line complaints go to the Rail Ombudsman instead."",""time_limit"":""No fixed limit, but complaints have to be raised within a reasonable time; London TravelWatch notes most come within six weeks of the problem.""}"
